English,Chinese
0.764690014,0.940315701
1.138452625,0.975202371
1.090769842,1.106105117
0.665283359,0.693793887
